1;Catherine Lynch
2;James Cooley
3;Lisa Franklin
4;Marcus Cooper
5;Nathan Burns
6;Amanda Bradford
7;Dr. Andrea Williams
8;Troy Harris
9;Kimberly Joyce
10;Johnathan Moore
11;Mark Miller
12;Jessica Lee
13;James Duncan
14;Heather Skinner
15;Jeff Taylor
16;Debra Wallace
17;Kara Adams
18;Carlos Adams
19;Beth Marsh
20;Brian Martinez
21;Brandon Chandler
22;Alan Cuevas
23;Carolyn Christensen
24;Lisa Nolan
25;Chad Trujillo
26;James Johnston
27;Catherine Smith
28;Lisa Jennings
29;Zachary Vincent
30;Joseph Mckinney
31;Vanessa Ramirez
32;Dr. Carlos Campos DDS
33;Nicholas Matthews
34;Mary Cooley
35;Denise Lowery
36;Donna White
37;Alexandra Montgomery
38;Jessica Giles
39;Juan Sanchez
40;Kyle Williams
41;Lisa Ellis
42;Jerry Moreno
43;Stacy Flores
44;Paul Martin
45;James Castro
46;Nicole Schneider
47;Dana Smith
48;Sara Contreras
49;Shelley Jones
50;Thomas Cardenas
51;Charles George
52;Bryan Scott
53;Stacy Mcmahon
54;Mary Cobb
55;Max Gallegos
56;Charlotte Allen
57;Stephanie Rodriguez
58;Teresa Acosta
59;Tony Foster
60;Ruben Cabrera
61;Danielle Pruitt
62;Raymond Marshall
63;Karen Mercer
64;Dylan Smith
65;Kristin Ferguson
66;Matthew Hull
67;Lisa Anderson
68;Andrea Evans
69;Chelsea Harper
70;Paula Smith
71;Brian Garza
72;Amber Coleman
73;Amy Conway
74;Maureen Phillips DDS
75;Andrew Rodriguez
76;Dana Thompson
77;Cameron Jackson
78;Bobby Thomas
79;Michael Brown MD
80;Heather Lewis
81;Amanda Thomas
82;Destiny Higgins
83;Adrian Parsons
84;Michael Morrow
85;Victor Hunter
86;Jennifer Arroyo
87;Betty Lloyd
88;Troy Holland
89;Jennifer Bell
90;Scott Wilcox
91;Karen Thomas
92;Jennifer Davis
93;Wyatt Moore
94;Jeffrey Randall
95;Jessica James
96;Cindy Berry
97;Carrie Coleman
98;Tiffany Serrano
99;Michael Navarro
100;Rhonda Martinez
101;Ashley Stewart
102;Melinda Kennedy
103;Roy Martinez
104;Jose Johns
105;Christopher Mathews
106;Thomas Ross
107;Nicholas Stanley
108;Christopher Brown
109;Amber Jones
110;Ivan Gallagher
111;Dr. Barbara Martin MD
112;Jessica Coleman
113;Christine Hurst
114;Michael Harris
115;Tony Lewis
116;Jeffery Valdez
117;Laura Dean
118;Cassandra Jenkins
119;Jesus Edwards
120;Calvin Watson
121;Kimberly Barnes
122;James Terrell MD
123;Katelyn Rocha
124;Heather Livingston MD
125;Taylor Mathis
126;Robert Klein
127;Amy Salas
128;Michael Salazar
129;Lisa Stone
130;Edgar Cooper
131;Kelsey Acevedo
132;Sheila Martin
133;Tony Robinson
134;Ian Baker
135;Regina Hunter
136;Joanne Kramer
137;Steven Allen
138;Holly Graham
139;Angela Chavez
140;David Herman
141;Rachel Jackson
142;Roger Franklin
143;Philip Boyd
144;Margaret Moore
145;Alexander Watkins
146;Anthony Conrad
147;Troy Cruz
148;Natalie Anderson
149;Veronica Perkins
150;Kevin Evans
151;Cynthia Martin
152;Andrew Hall
153;Shelia Singleton
154;Steven Brown
155;Andrew Williams
156;Sandra Mcdonald
157;Melissa Graves
158;Matthew Lopez
159;Aaron Ramirez
160;Timothy Lewis
161;Christine Molina
162;Paula Moore
163;Steven Sanchez
164;Megan Ryan
165;Anthony Morrison Jr.
166;Mrs. Lauren Hinton
167;Richard Collins
168;Luis Dickson
169;Robert Gonzalez
170;John Garcia
171;Craig West
172;Chad Phillips
173;Leslie Hernandez
174;Roger Thompson
175;Jake Porter
176;James Torres
177;Chris Bullock
178;Alexandra Dawson
179;Edward Joseph
180;Barbara Caldwell
181;Kathleen Richmond
182;Kristen Smith
183;William Smith
184;Latoya Young
185;Lindsey Collins
186;Michael Jimenez
187;Gabrielle Lewis
188;Stephen Castro
189;Michelle Bailey
190;David Smith
191;Brittany Russell
192;Ashley Doyle
193;Mark Nelson
194;Jesse Mcintosh
195;Misty Snyder
196;Angela Hester
197;Elizabeth Gray
198;Ashley Mcneil
199;Caitlin Carey
200;Maria Rogers
201;Brittany Webb
202;Ian Johnson
203;Daniel Dickerson
204;Joshua Morgan
205;Bailey Griffin
206;Hannah Moreno
207;Cheryl Stephens
208;Peter Carrillo DDS
209;Daniel Mills
210;Monica Patterson
211;Rebecca Lopez
212;Matthew Chavez
213;Renee Dixon
214;Joseph Pacheco
215;Thomas Jenkins
216;Debra Jackson
217;Joanne Lewis
218;John Curtis
219;Jessica Hall
220;James Caldwell
221;Jennifer Hicks
222;James Martin
223;Michael Lopez
224;Peter Moore IV
225;Andrew Reed
226;Scott Hampton
227;Spencer Watkins
228;Nathan Sosa
229;Kaitlyn Curry
230;Karen Patterson
231;Joshua Peters
232;Joshua Cox
233;Michael Jensen
234;Lauren Cochran
235;Jonathan Beltran
236;Laurie Bowman
237;Robert Garcia
238;Adrian Anderson
239;Justin Rodriguez
240;Donna Wilson
241;Lauren Lyons
242;Thomas Leon
243;Rebecca Barnes
244;Carla Wilkinson
245;Brittany Lewis
246;Crystal Mejia
247;Dr. Amber Clark
248;Lisa Williams
249;Fernando Russell
250;Craig Washington
251;Karen Lucas
252;Angel Lewis
253;Cheyenne Bailey
254;Sara Martinez
255;Roy Daniels
256;Michael Black
257;Dr. Jordan Hamilton
258;Marcus Roberts
259;Douglas Moreno
260;Emily Frye
261;Christopher Mccoy
262;Stephanie Gonzalez
263;Charles Lopez
264;Kenneth White
265;William Brown
266;Jennifer Powers
267;Roy Moses
268;Tyler Thompson
269;Amanda Faulkner
270;Amy Franco
271;Ian Thompson
272;Kenneth Davis
273;Anthony Smith
274;Robert Vasquez
275;Scott Lambert Jr.
276;Michael Wright
277;Kelli Hughes
278;Debbie Bell
279;Katherine Wilson
280;Patricia Shepherd
281;Carrie Abbott
282;Margaret Jackson
283;Nicole Mooney
284;Sherri Ball
285;Frank Green
286;Lisa Garcia
287;Jenna Yang
288;Christopher Coleman
289;Dr. Tracy Deleon
290;Micheal Newman
291;Kayla Flores
292;Robert Ellison
293;Michael Hoffman
294;Jon Gibson
295;Douglas Estrada
296;Annette Allen
297;Norman Paul
298;Seth Graham
299;Thomas Bernard
300;Frederick Harris
301;Craig Jacobson
302;Timothy Valencia
303;Manuel Thornton
304;Jacob Hill
305;Michael Santiago
306;Dr. Wendy Graham
307;Gina Blanchard
308;Randy Cox
309;Bruce Stephens
310;Alexa Walker DDS
311;Tammy Sanchez
312;Monica Koch
313;Christina Mooney
314;Bryan Scott
315;Brad Ramirez
316;Alexis Jones
317;Jason Norman
318;Stacy Hoffman
319;Jason Gardner
320;Richard Gay
321;Mr. Darren Mcconnell
322;Richard Luna
323;Alan Little
324;Sabrina Ellis
325;Frank Jones
326;David Reilly
327;Nancy Lee
328;Tyler Thompson
329;Doris Greene
330;Julie Warner
331;Randy Patterson
332;Patrick Carr
333;Stephanie Gaines
334;Autumn Harrell
335;William Cochran
336;Larry Smith
337;Elizabeth Holmes
338;Anthony Gomez
339;Heather Stewart
340;Dylan Garcia
341;Carmen Koch
342;Glenda Jenkins
343;Victor Washington
344;Benjamin Sexton
345;Janice Ford
346;James Poole
347;Derek Patterson
348;Michael Hunt
349;Kyle Flowers
350;Andrew Barnett
351;Rebecca Rich
352;Rachel Lang
353;Crystal Hamilton
354;James Martin
355;Amy Wheeler
356;Mark Haas
357;Steven Smith
358;Edgar Booth
359;Nicholas Pratt
360;Joshua Humphrey
361;Jessica Jennings
362;Linda Landry
363;Timothy Santos
364;Amanda Clark
365;Gregory Lee
366;Michelle Jackson
367;Justin Jimenez
368;Tanya Andrews
369;Rachel Nelson
370;Dr. Christina Choi
371;Dr. Robert Harris Jr.
372;Sharon Wade
373;Valerie Williamson
374;Ronald Jenkins
375;Steven Wilson
376;Mercedes Padilla
377;Carolyn Robinson
378;Heather Edwards
379;Douglas Johnson
380;Tanya Bell
381;Joshua Rogers
382;Justin Castro
383;Audrey Lee
384;Tyler Allen
385;James Alvarado
386;Daniel Wallace
387;Brenda Patel
388;Dennis Bray
389;Evelyn Jones
390;Beth Pierce
391;Angel Collins
392;Judith Daniels
393;Dwayne Cole
394;David Rhodes
395;Erin Hunter
396;Chad Mccann
397;Kathy Sanchez
398;Alexandria Kim
399;Susan Mccarthy
400;Micheal Miller
401;Karen Dunn
402;Gregory Carter
403;Ashley Anderson
404;Dr. William Watson Jr.
405;Daniel Walsh
406;William Barker
407;Miss Terri Dennis
408;Scott Brown
409;Sandra Hicks
410;Erin Rhodes
411;Ashley Rodriguez
412;Ross Johnson
413;Cynthia Carey
414;Elizabeth Carter
415;Tina Chang
416;Christy Acosta
417;Nathan Weber
418;Vincent Smith
419;Edward Romero
420;Katie Flores
421;Garrett Garcia
422;Travis Lopez
423;Chelsey Schmidt
424;Keith Greene
425;William Martin
426;Dominique Faulkner
427;Scott Quinn
428;Timothy Morton
429;Jennifer Harper
430;Joshua Tapia
431;Alexis Grimes
432;Louis Sanchez
433;Lynn Sanchez
434;Joseph Stuart
435;Amanda Sanford
436;Lisa Bell
437;Logan Wade
438;Katie Williamson
439;Christopher Yoder
440;Andrew Henderson
441;Brittany Moore
442;Don Bond
443;Kristin Barber
444;Emily Bradley
445;Michelle Peters
446;Beth Jones
447;Peter Jones
448;Christopher Powell
449;Olivia Collins
450;Annette Baker
451;Craig Rodriguez
452;Savannah Cervantes
453;April Berg
454;Brandi Sanchez
455;Janice Rodriguez
456;Debra Barnett
457;Curtis Campbell
458;William Williams
459;Harold Vargas
460;Rita Smith DVM
461;Stephanie Bennett
462;Michael Wright
463;Nicholas Cervantes
464;Jennifer Miller DVM
465;Daniel Gamble
466;Aaron Cline
467;Kenneth Noble
468;Kylie Marsh
469;Karen Wilkerson
470;Jessica Goodman
471;Brian Lopez
472;Mark Gomez
473;Megan Davis
474;Amanda Sharp
475;Tabitha Obrien
476;Lee Cruz
477;Rebekah Hall
478;Henry Moore
479;Sarah Gutierrez
480;Grant Hill
481;Kayla Williams
482;David Smith
483;Scott Stephenson
484;Elizabeth Ali
485;Spencer Alvarado
486;Brandon Lewis
487;Tony Mitchell
488;Nicholas Smith
489;Sabrina Thomas
490;Kayla Stanton
491;Kevin Hernandez
492;Jonathan Sosa
493;Evan Lewis
494;Marissa Rodriguez
495;Christian Thomas
496;Connie Smith
497;Linda Benson
498;Jeremy Hayes
499;Corey Daniel
500;Raymond Warren
501;William Vasquez
502;John Olsen
503;Kevin Harris
504;Calvin Best
505;Evan Thomas
506;Tammy Smith
507;Kristopher Olsen
508;Samantha Flores
509;Christian Stewart
510;Maureen Smith
511;John Flores
512;Jeffery Tyler
513;Lawrence Lee
514;Eric Warren
515;Sarah Miles
516;David Davidson
517;Jasmine Long
518;Jack Costa
519;Jacob Morris
520;Christopher Harris
521;Benjamin White
522;Zachary Green
523;Elizabeth Rodriguez
524;Natasha Blanchard
525;John Johnson
526;Shawn Guzman
527;Derek Orr
528;Micheal Bonilla
529;Danielle Odom
530;Heidi Serrano
531;Alexis Davis
532;Hayley Mckee
533;Gina Hernandez
534;Madison Lara
535;Deborah Reese
536;Erin Green
537;Meredith Smith
538;Travis Heath
539;Wayne Roy
540;Alicia Martin
541;Cindy Young
542;Renee Ellis
543;Abigail Baker
544;Zachary Blake
545;Noah Smith III
546;Maureen Zamora
547;Elizabeth Jackson
548;Karl Foster
549;Richard Larsen
550;John Harris
551;Jacob Wilcox
552;Michael Smith
553;Elizabeth Lamb
554;Sandra Cochran
555;Jennifer Carter
556;Brandi Schmidt
557;Bradley Little
558;Jessica Beck
559;Bryan Thompson
560;Timothy Wilkins
561;Jane Wells
562;Michael Melendez
563;Robert Collier
564;Lindsay Travis
565;Dr. Amanda Walsh DDS
566;Victoria Sullivan
567;Kristina Becker
568;Gabrielle Williams
569;Cheryl Dean
570;Carolyn Stein
571;Jennifer Foley
572;Colleen Singh
573;Cassandra Mayer
574;Cathy Smith
575;Kevin Crane
576;Erin Johnston
577;Troy Johnson
578;Lisa Hensley
579;Susan Haynes
580;Tracy Bridges
581;Janice Wu
582;Emily Alvarado
583;Adrian Mcintyre
584;Cassidy Tucker
585;Nicole Bond
586;Michael Allen
587;Catherine Robles
588;Charles Schwartz
589;Jennifer Humphrey
590;Jennifer Hartman
591;Kathleen Gonzalez
592;Paul Dillon
593;Dustin Matthews
594;Richard Warner
595;James Meadows
596;Cynthia Allen
597;Christopher Garcia
598;Megan Owens
599;Wesley Shelton
600;Michele Salinas
601;Jay Wallace
602;John Bowman
603;Jason Morris
604;Alexis Vincent
605;Kevin Hudson
606;Kristin Rodriguez
607;Benjamin Sanchez
608;Denise Grant
609;Marco Parsons
610;Helen Ho
611;Marc Morris
612;Stephen Abbott
613;Ryan Miller
614;Cameron Riley
615;Evan Hodge DDS
616;Kimberly Parks
617;Colin Brown
618;Michael Gutierrez
619;Victoria Poole
620;Amanda Johnson
621;Susan Johnson
622;Mary Cohen
623;Tiffany Rodgers
624;Bradley Rowe
625;Nicholas Ross
626;Anne Bond
627;Michelle Brown
628;Raymond Armstrong
629;Amanda White
630;Randall Ray
631;Mrs. Kimberly Pena
632;Margaret Burton
633;Marilyn Ballard
634;Destiny Smith
635;Pamela Trevino
636;Max Garcia
637;Ryan Mccarty
638;Jamie Sutton
639;Adam Fields
640;Paul White
641;Haley Robbins MD
642;Rebecca Cook
643;Joshua Ross
644;Whitney Allen
645;Darren Gonzalez
646;Dorothy Baker
647;Rhonda Velez
648;Alexandria Jordan
649;Eric Doyle
650;Pamela Young
651;Gabriel Stevens
652;David Rodriguez
653;Sarah Chandler
654;Margaret Cox
655;Rebecca Ramsey
656;Stephanie Choi
657;David Smith
658;Melissa Guerra
659;Joseph Simpson
660;Jessica Hooper MD
661;Justin Barton
662;Jenna Murray
663;Tyler Dodson
664;Kurt Clark
665;Daniel Reyes
666;Sean Miller
667;Raymond Wilson
668;Andrea Jones
669;Sarah Fritz
670;Jeanette Reyes
671;Dave Shaw
672;Joseph King
673;Kimberly Romero
674;Jessica King
675;Suzanne Roy
676;Joseph Johnson
677;Joseph Smith
678;Jamie Castro
679;Valerie Lane
680;Matthew Hart
681;Audrey Rodriguez
682;Anthony Hall
683;Thomas Smith
684;Donna Zuniga
685;Timothy Peterson
686;Tyler Graves
687;Darrell Murillo
688;Wendy Mills
689;David Carter
690;Clayton Bell
691;Javier Murphy
692;Lisa Morris
693;Thomas Munoz
694;Christopher Richardson
695;Julie Jones
696;Laura Smith
697;Leonard Rivas
698;Joshua Randolph
699;Ashley Wiggins
700;Holly Gonzalez
701;Lisa Villanueva
702;Christopher Garcia
703;Kendra Martin
704;Kathleen Greene
705;Jason Perry
706;Thomas Werner
707;Lauren Young
708;Amber Nichols
709;Sherry Norman
710;Brian Robinson
711;Carl Kramer
712;Scott Ruiz
713;Shane Lloyd
714;Aaron Mason
715;David Tran
716;Carrie Dawson
717;Donald Fox
718;Thomas Larsen
719;James Conrad
720;Thomas Hernandez
721;Juan Brown
722;Paul Jones
723;Cory Smith
724;Sarah King
725;Caitlin Perez
726;Matthew Mueller
727;Justin Martin
728;Melissa Brown
729;Gabrielle Nguyen
730;Laura Humphrey
731;Mathew Robinson
732;Whitney Munoz
733;Grant Miller
734;Shelby Savage
735;Dylan Carroll
736;Susan Stevens
737;John Mendez
738;Rachel Carter
739;David Oneal
740;Stacy Kelly
741;Randy Rojas
742;Amanda Torres
743;Derrick Evans
744;Joseph Hayes
745;April Herrera
746;Michael Johnson
747;Nicholas Rodriguez
748;Lisa Lozano
749;Frances Valenzuela
750;Claudia Lane
751;Nancy Brown
752;Kimberly Sanchez
753;Carolyn Nelson
754;Christopher Rodriguez
755;Larry Cox
756;Shannon Anderson
757;Amy Price
758;Vanessa Powell
759;Karen Collins
760;Angela Zuniga
761;Kelly Campbell
762;Karen Sutton
763;Rachel Griffin
764;Wayne Miranda
765;Jerry Hanson
766;Jeffrey Mckinney
767;Susan Bridges
768;Trevor Pruitt
769;Leslie House
770;Andrea Choi
771;Jesse Payne
772;Dr. Emily Burns
773;Joshua Moore
774;Christopher Kramer
775;Vincent Dunn
776;Mark Williams
777;Matthew Cherry
778;John Walker
779;Sherry Hamilton
780;Johnny Walker
781;Michael Nielsen
782;Jill Johnson
783;Kyle Young
784;Ivan Morales
785;Julie Valenzuela
786;Javier Potts
787;David Cortez
788;Carrie Young
789;Tammy Kirby
790;Jennifer Thomas
791;Natalie Hebert
792;Scott Hanson
793;John Wade
794;Leslie Finley
795;Mrs. Mackenzie Wilson
796;Amber Barton
797;Sharon Gordon
798;Gregory Luna
799;Jennifer Nunez
800;Thomas Gray
801;Stephen Wallace
802;Christina Peterson
803;Derek Spears
804;Janice Hendricks
805;Kevin Cunningham
806;John Shields
807;Dominique Martin
808;Evelyn Nelson
809;Joseph Campbell
810;Thomas Roth
811;Tyler Howe
812;Brian Humphrey
813;Jaime Mckinney
814;Kyle Pena
815;Anna Montgomery
816;Scott Bradford
817;Yvette Knight
818;Raymond Baker
819;Dana Finley
820;Natalie Harper
821;Jessica Miller
822;Elizabeth Williams
823;Jeremiah Steele
824;Melody Griffin
825;Roberta Schmidt
826;Meredith Hurst
827;Lindsey Goodman
828;Leah James
829;Michelle Jimenez
830;Jonathan Vasquez
831;Christina Marsh
832;Kathy Boyd
833;Joseph James
834;Donna Dixon
835;Paula Carter
836;Jasmine Hall
837;Aaron Martinez
838;Joshua Mitchell
839;Mr. Alex Johnston
840;Mrs. Lindsay Wright DDS
841;Christie Mueller
842;Curtis Miller
843;Anthony Tucker
844;Maria White
845;Omar Huber
846;Jerry Coleman
847;Stephanie Russo
848;Danielle Turner
849;William Clark
850;Cassidy Brock
851;Trevor Morris
852;Scott Johnson
853;Melanie Meyer
854;Sean Bautista
855;Pamela Cole
856;Robin Meyer
857;Stephanie Contreras
858;Denise Crawford
859;Richard Smith
860;Abigail Guerra
861;Mark Lloyd
862;Robert Obrien
863;Darren Phelps
864;Amanda Roberts
865;Jonathan Hall
866;Katrina Hicks
867;Kelli Daniels
868;Benjamin Jones
869;Carrie Rodriguez
870;Frederick Navarro
871;Anthony Thompson
872;Leslie Wilson
873;Amy Hansen
874;Rodney Long
875;Stacey Gonzalez
876;Nicholas Kane
877;Phillip Perez
878;Danny Jenkins
879;Devin Johnson
880;Lisa Decker
881;Jonathan Cole
882;Bradley Spencer
883;Larry Ramirez
884;Mary Goodman
885;Martin Robinson
886;Meghan Wagner
887;Penny Hodge
888;Travis Rivera
889;Claudia Hernandez
890;Kenneth Banks
891;Samuel Hansen
892;Austin Thompson
893;Shannon Hall
894;Jessica Haynes
895;Shane Vincent
896;Brittany Cooley
897;Bridget Beck
898;Curtis Thornton
899;Kathryn Morrison
900;Justin Logan
901;Mark Miller
902;Johnny Carson
903;Erika Barber
904;Sarah Navarro
905;Michael Reed
906;Mrs. Kathy Roberts PhD
907;Douglas Cunningham
908;Christopher Padilla
909;Stephanie Watson
910;Mark Zimmerman
911;Robert Rodriguez
912;Paul Martinez
913;Abigail Ramirez
914;Rachael Clark
915;Kenneth Wiggins
916;Gabrielle Brown
917;Jessica Bird
918;Nicole Lewis
919;Sarah Macdonald
920;Elizabeth King
921;Zachary Santiago
922;Victoria Mitchell
923;Henry Crawford
924;Sandra Ponce
925;Nicholas Hernandez
926;Aaron Dean
927;Monica Hall
928;Cynthia Robinson
929;Julie Thomas
930;Nicholas Williams
931;Brett Byrd
932;Ann Munoz
933;Brittany Mullins
934;Elizabeth Anderson
935;Scott Larsen
936;Denise Baird
937;Virginia Gill
938;Rachael Gibson
939;Renee Ramirez
940;Samantha Johnson
941;Edward David
942;Matthew Chambers
943;Cory Lee
944;Daniel Young
945;Stephanie Anderson PhD
946;Michael Carrillo
947;David Marquez
948;John Rivas
949;Joshua Guerra
950;Robert Allen
951;Cassie Lowe
952;Tina Terrell
953;Mr. Joseph Mcdonald
954;Heather Webb
955;Adam Delacruz
956;Anna Bradley
957;Jacob Henry
958;Latasha Turner
959;Cheryl Mcdonald
960;Cynthia Ramos
961;Laura Barnett
962;Molly Hamilton
963;Jessica Crane
964;Jillian King
965;Cassidy Watson DDS
966;Thomas Bright
967;April Hernandez
968;Brittany Tapia
969;Jennifer Johnson
970;Virginia Franklin
971;Paul Chaney
972;Adrienne Davis
973;Zachary Leach
974;Michael Evans
975;Nicholas Campbell
976;Frances Munoz
977;Richard Johnson
978;Maria Flores
979;Jennifer Lowe
980;Amber Williams
981;Michelle Williams
982;Ryan Santos
983;Susan Barnett
984;Crystal Khan
985;Katherine Johnson
986;Andrea Frazier
987;Cheyenne Cooper
988;Miranda Rios
989;Tina Patton
990;Thomas Brown
991;Mary Gibbs
992;David Rhodes
993;Rebecca Reynolds
994;George Mckinney
995;Andre Franco
996;Jennifer Rodriguez
997;Jason Davis
998;Jamie Bradley
999;Antonio Price
1000;Melissa Ross
